1.69056E+12,A09,N,-1,067550_A..N
1.69056E+12,A07,N,-1,067550_A..N
1.69056E+12,A06,N,-1,067550_A..N
1.69056E+12,A05,N,-1,067550_A..N
1.69056E+12,A03,N,-1,067550_A..N
1.69056E+12,A02,N,-1,067550_A..N
1.69056E+12,H10,S,-1,067850_A..S
1.69056E+12,H11,S,-1,067850_A..S
1.69056E+12,A28,N,-1,069568_A..N
1.69056E+12,A27,N,-1,069568_A..N
1.69056E+12,A24,N,-1,069568_A..N
1.69056E+12,A15,N,-1,069568_A..N
1.69056E+12,A12,N,-1,069568_A..N
1.69056E+12,A07,N,1690563666,070550_A..N
1.69056E+12,A06,N,1690563756,070550_A..N
1.69056E+12,A05,N,1690563876,070550_A..N
1.69056E+12,A03,N,1690564116,070550_A..N
1.69056E+12,A02,N,1690564326,070550_A..N
1.69056E+12,A63,S,-1,070531_A..S
1.69056E+12,A64,S,-1,070531_A..S
1.69056E+12,A65,S,-1,070531_A..S
1.69056E+12,A55,S,-1,071461_A..S
1.69056E+12,A57,S,-1,071461_A..S
1.69056E+12,A59,S,-1,071461_A..S
1.69056E+12,A60,S,-1,071461_A..S
1.69056E+12,A61,S,-1,071461_A..S
1.69056E+12,H02,S,-1,071461_A..S
1.69056E+12,H03,S,-1,071461_A..S
1.69056E+12,H04,S,-1,071461_A..S
1.69056E+12,H06,S,-1,071461_A..S
1.69056E+12,H07,S,-1,071461_A..S
1.69056E+12,H08,S,-1,071461_A..S
1.69056E+12,H09,S,-1,071461_A..S
1.69056E+12,A38,N,-1,071545_A..N
1.69056E+12,A36,N,-1,071545_A..N
1.69056E+12,A34,N,-1,071545_A..N
1.69056E+12,A32,N,-1,071545_A..N
1.69056E+12,A31,N,-1,071545_A..N
1.69056E+12,A48,S,-1,072300_A..S
1.69056E+12,A51,S,-1,072300_A..S
1.69056E+12,A24,N,1690563799,072630_A..N
1.69056E+12,A15,N,1690564249,072630_A..N
1.69056E+12,A12,N,1690564459,072630_A..N
1.69056E+12,A51,N,-1,073283_A..N
1.69056E+12,A48,N,-1,073283_A..N
1.69056E+12,A46,N,-1,073283_A..N
1.69056E+12,A42,N,-1,073283_A..N
1.69056E+12,A41,N,-1,073283_A..N
1.69056E+12,A40,N,-1,073283_A..N
1.69056E+12,A41,S,-1,073300_A..S
1.69056E+12,A42,S,-1,073300_A..S
1.69056E+12,A46,S,-1,073300_A..S
1.69056E+12,A32,S,-1,074300_A..S
1.69056E+12,A34,S,-1,074300_A..S
1.69056E+12,A36,S,-1,074300_A..S
1.69056E+12,A38,S,-1,074300_A..S
1.69056E+12,A40,S,-1,074300_A..S
1.69056E+12,A41,N,1690564246,074621_A..N
1.69056E+12,A40,N,1690564366,074621_A..N
1.69056E+12,A27,S,-1,074900_A..S
1.69056E+12,A28,S,-1,074900_A..S
1.69056E+12,A31,S,-1,074900_A..S
1.69056E+12,H03,N,-1,075250_A..N
1.69056E+12,H02,N,-1,075250_A..N
1.69056E+12,H01,N,-1,075250_A..N
1.69056E+12,A61,N,-1,075250_A..N
1.69056E+12,A60,N,-1,075250_A..N
1.69056E+12,A59,N,-1,075250_A..N
1.69056E+12,A57,N,-1,075250_A..N
1.69056E+12,A55,N,-1,075250_A..N
1.69056E+12,A55,N,1690564142,076520_A..N
1.69056E+12,A24,S,-1,075800_A..S
1.69056E+12,H06,N,-1,076841_A..N
1.69056E+12,H04,N,-1,076841_A..N
1.69056E+12,A02,S,-1,077600_A..S
1.69056E+12,A03,S,-1,077600_A..S
1.69056E+12,A05,S,-1,077600_A..S
1.69056E+12,A06,S,-1,077600_A..S
1.69056E+12,A07,S,-1,077600_A..S
1.69056E+12,A09,S,-1,077600_A..S
1.69056E+12,A12,S,-1,077600_A..S
1.69056E+12,A15,S,-1,077600_A..S
1.69056E+12,A65,N,-1,078400_A..N
1.69056E+12,A64,N,-1,078400_A..N
1.69056E+12,A63,N,-1,078400_A..N
1.69056E+12,A09,S,1690564050,076800_A..S
1.69056E+12,A12,S,1690564260,076800_A..S
1.69056E+12,A15,S,1690564500,076800_A..S
1.69056E+12,H11,N,-1,078500_A..N
1.69056E+12,H10,N,-1,078500_A..N
1.69056E+12,H09,N,-1,078500_A..N
1.69056E+12,H08,N,-1,078500_A..N
1.69056E+12,H07,N,-1,078500_A..N
1.69056E+12,A12,N,-1,070935_C..N
1.69056E+12,A11,N,-1,070935_C..N
1.69056E+12,A10,N,-1,070935_C..N
1.69056E+12,A09,N,-1,070935_C..N
1.69056E+12,A52,S,-1,070536_C..S
1.69056E+12,A53,S,-1,070536_C..S
1.69056E+12,A54,S,-1,070536_C..S
1.69056E+12,A55,S,-1,070536_C..S
1.69056E+12,A21,N,-1,072136_C..N
1.69056E+12,A20,N,-1,072136_C..N
1.69056E+12,A19,N,-1,072136_C..N
1.69056E+12,A18,N,-1,072136_C..N
1.69056E+12,A17,N,-1,072136_C..N
1.69056E+12,A16,N,-1,072136_C..N
1.69056E+12,A15,N,-1,072136_C..N
1.69056E+12,A14,N,-1,072136_C..N
1.69056E+12,A42,S,-1,073100_C..S
1.69056E+12,A43,S,-1,073100_C..S
1.69056E+12,A44,S,-1,073100_C..S
1.69056E+12,A45,S,-1,073100_C..S
1.69056E+12,A46,S,-1,073100_C..S
1.69056E+12,A47,S,-1,073100_C..S
1.69056E+12,A48,S,-1,073100_C..S
1.69056E+12,A49,S,-1,073100_C..S
1.69056E+12,A50,S,-1,073100_C..S
1.69056E+12,A51,S,-1,073100_C..S
1.69056E+12,A48,S,1690563979,071900_C..S
1.69056E+12,A49,S,1690564099,071900_C..S
1.69056E+12,A50,S,1690564189,071900_C..S
1.69056E+12,A51,S,1690564369,071900_C..S
1.69056E+12,A32,N,-1,073396_C..N
1.69056E+12,A31,N,-1,073396_C..N
1.69056E+12,A30,N,-1,073396_C..N
1.69056E+12,A28,N,-1,073396_C..N
1.69056E+12,A27,N,-1,073396_C..N
1.69056E+12,A25,N,-1,073396_C..N
1.69056E+12,A24,N,-1,073396_C..N
1.69056E+12,A22,N,-1,073396_C..N
1.69056E+12,A34,N,-1,074336_C..N
1.69056E+12,A33,N,-1,074336_C..N
1.69056E+12,A31,S,-1,074550_C..S
1.69056E+12,A32,S,-1,074550_C..S
1.69056E+12,A33,S,-1,074550_C..S
1.69056E+12,A34,S,-1,074550_C..S
1.69056E+12,A36,S,-1,074550_C..S
1.69056E+12,A38,S,-1,074550_C..S
1.69056E+12,A40,S,-1,074550_C..S
1.69056E+12,A41,S,-1,074550_C..S
1.69056E+12,A41,N,-1,075330_C..N
1.69056E+12,A40,N,-1,075330_C..N
1.69056E+12,A38,N,-1,075330_C..N
1.69056E+12,A36,N,-1,075330_C..N
1.69056E+12,A27,S,-1,075583_C..S
1.69056E+12,A28,S,-1,075583_C..S
1.69056E+12,A30,S,-1,075583_C..S
1.69056E+12,A47,N,-1,076350_C..N
1.69056E+12,A46,N,-1,076350_C..N
1.69056E+12,A45,N,-1,076350_C..N
1.69056E+12,A44,N,-1,076350_C..N
1.69056E+12,A43,N,-1,076350_C..N
1.69056E+12,A42,N,-1,076350_C..N
1.69056E+12,A53,N,-1,077398_C..N
1.69056E+12,A52,N,-1,077398_C..N
1.69056E+12,A51,N,-1,077398_C..N
1.69056E+12,A50,N,-1,077398_C..N
1.69056E+12,A49,N,-1,077398_C..N
1.69056E+12,A48,N,-1,077398_C..N
1.69056E+12,A10,S,-1,077550_C..S
1.69056E+12,A11,S,-1,077550_C..S
1.69056E+12,A12,S,-1,077550_C..S
1.69056E+12,A14,S,-1,077550_C..S
1.69056E+12,A15,S,-1,077550_C..S
1.69056E+12,A16,S,-1,077550_C..S
1.69056E+12,A17,S,-1,077550_C..S
1.69056E+12,A18,S,-1,077550_C..S
1.69056E+12,A19,S,-1,077550_C..S
1.69056E+12,A20,S,-1,077550_C..S
1.69056E+12,A21,S,-1,077550_C..S
1.69056E+12,A22,S,-1,077550_C..S
1.69056E+12,A24,S,-1,077550_C..S
1.69056E+12,A25,S,-1,077550_C..S
1.69056E+12,A17,S,1690563930,076600_C..S
1.69056E+12,A18,S,1690563990,076600_C..S
1.69056E+12,A19,S,1690564080,076600_C..S
1.69056E+12,A20,S,1690564170,076600_C..S
1.69056E+12,A21,S,1690564260,076600_C..S
1.69056E+12,A22,S,1690564350,076600_C..S
1.69056E+12,A24,S,1690564440,076600_C..S
1.69056E+12,A25,S,1690564530,076600_C..S
1.69056E+12,A55,N,-1,078350_C..N
1.69056E+12,A54,N,-1,078350_C..N
1.69056E+12,A09,S,-1,078600_C..S
1.69056E+12,G07,N,-1,073550_E..N
1.69056E+12,G06,N,-1,073550_E..N
1.69056E+12,G05,N,-1,073550_E..N
1.69056E+12,A34,S,-1,073200_E..S
1.69056E+12,E01,S,-1,073200_E..S
1.69056E+12,G08,N,-1,073900_E..N
1.69056E+12,F06,N,-1,073900_E..N
1.69056E+12,A30,S,-1,074110_E..S
1.69056E+12,A31,S,-1,074110_E..S
1.69056E+12,A32,S,-1,074110_E..S
1.69056E+12,A33,S,-1,074110_E..S
1.69056E+12,G14,N,-1,075100_E..N
1.69056E+12,D14,S,-1,074778_E..S
1.69056E+12,A25,S,-1,074778_E..S
1.69056E+12,A27,S,-1,074778_E..S
1.69056E+12,A28,S,-1,074778_E..S
1.69056E+12,G21,S,-1,075500_E..S
1.69056E+12,F09,S,-1,075500_E..S
1.69056E+12,F11,S,-1,075500_E..S
1.69056E+12,F12,S,-1,075500_E..S
1.69056E+12,F11,N,-1,075905_E..N
1.69056E+12,F09,N,-1,075905_E..N
1.69056E+12,G21,N,-1,075905_E..N
1.69056E+12,G14,S,-1,076250_E..S
1.69056E+12,A28,N,-1,076700_E..N
1.69056E+12,A27,N,-1,076700_E..N
1.69056E+12,A25,N,-1,076700_E..N
1.69056E+12,D14,N,-1,076700_E..N
1.69056E+12,F12,N,-1,076700_E..N
1.69056E+12,A34,N,-1,077428_E..N
1.69056E+12,A33,N,-1,077428_E..N
1.69056E+12,A32,N,-1,077428_E..N
1.69056E+12,A31,N,-1,077428_E..N
1.69056E+12,A30,N,-1,077428_E..N
1.69056E+12,F07,S,-1,077000_E..S
1.69056E+12,G08,S,-1,077000_E..S
1.69056E+12,G05,S,-1,077750_E..S
1.69056E+12,G06,S,-1,077750_E..S
1.69056E+12,G07,S,-1,077750_E..S
1.69056E+12,F05,S,-1,077750_E..S
1.69056E+12,F06,S,-1,077750_E..S
1.69056E+12,E01,N,-1,078100_E..N
1.69056E+12,H19,N,-1,076700_H..N
1.69056E+12,H19,S,-1,077700_H..S
1.69056E+12,H04,S,-1,077700_H..S
1.69056E+12,H12,S,-1,077700_H..S
1.69056E+12,H13,S,-1,077700_H..S
1.69056E+12,H14,S,-1,077700_H..S
1.69056E+12,H15,S,-1,077700_H..S
1.69056E+12,H15,N,-1,078100_H..N
1.69056E+12,H14,N,-1,078100_H..N
1.69056E+12,H13,N,-1,078100_H..N
1.69056E+12,H12,N,-1,078100_H..N
1.69056E+12,H04,N,-1,078100_H..N
1.69056E+12,D26,S,-1,077150_FS..S
1.69056E+12,S01,N,-1,077100_FS..N
1.69056E+12,D26,N,-1,078100_FS..N
1.69056E+12,S04,N,-1,078100_FS..N
1.69056E+12,S03,N,-1,078100_FS..N
1.69056E+12,S01,S,-1,078150_FS..S
1.69056E+12,S03,S,-1,078150_FS..S
1.69056E+12,S04,S,-1,078150_FS..S
1.69056E+12,A03,N,1690563990,067550_A..N
1.69056E+12,A02,N,1690564260,067550_A..N
1.69056E+12,H10,S,1690563409,067850_A..S
1.69056E+12,H11,S,1690563499,067850_A..S
1.69056E+12,A28,N,1690563499,069568_A..N
1.69056E+12,A27,N,1690563589,069568_A..N
1.69056E+12,A63,S,1690563619,070531_A..S
1.69056E+12,A64,S,1690563889,070531_A..S
1.69056E+12,A65,S,1690563949,070531_A..S
1.69056E+12,A40,N,1690563529,071545_A..N
1.69056E+12,A27,N,1690563543,072630_A..N
1.69056E+12,A40,S,1690564012,073300_A..S
1.69056E+12,A31,S,1690563725,074300_A..S
1.69056E+12,A41,N,1690563409,074621_A..N
1.69056E+12,A24,S,1690563644,074900_A..S
1.69056E+12,H07,N,1690564320,076841_A..N
1.69056E+12,A09,S,1690563469,076800_A..S
1.69056E+12,A12,S,1690563739,076800_A..S
1.69056E+12,A15,S,1690564009,076800_A..S
1.69056E+12,A15,N,1690563919,070935_C..N
1.69056E+12,A22,N,1690564212,072136_C..N
1.69056E+12,A48,S,1690563412,071900_C..S
1.69056E+12,A49,S,1690563532,071900_C..S
1.69056E+12,A50,S,1690563622,071900_C..S
1.69056E+12,A51,S,1690563787,071900_C..S
1.69056E+12,A41,S,1690564309,073100_C..S
1.69056E+12,A33,N,1690563499,073396_C..N
1.69056E+12,A36,N,1690563829,074336_C..N
1.69056E+12,A42,N,1690563889,075330_C..N
1.69056E+12,A31,S,1690563409,074550_C..S
1.69056E+12,A32,S,1690563529,074550_C..S
1.69056E+12,A33,S,1690563619,074550_C..S
1.69056E+12,A34,S,1690563739,074550_C..S
1.69056E+12,A36,S,1690563889,074550_C..S
1.69056E+12,A38,S,1690564009,074550_C..S
1.69056E+12,A40,S,1690564189,074550_C..S
1.69056E+12,A47,N,1690563409,076350_C..N
1.69056E+12,A46,N,1690563529,076350_C..N
1.69056E+12,A45,N,1690563589,076350_C..N
1.69056E+12,A44,N,1690563679,076350_C..N
1.69056E+12,A43,N,1690563769,076350_C..N
1.69056E+12,A25,S,1690564009,075583_C..S
1.69056E+12,A17,S,1690563409,076600_C..S
1.69056E+12,A18,S,1690563469,076600_C..S
1.69056E+12,A19,S,1690563559,076600_C..S
1.69056E+12,A20,S,1690563649,076600_C..S
1.69056E+12,A21,S,1690563739,076600_C..S
1.69056E+12,A22,S,1690563829,076600_C..S
1.69056E+12,A24,S,1690563919,076600_C..S
1.69056E+12,A33,S,1690563739,073200_E..S
1.69056E+12,G07,N,1690563589,073550_E..N
1.69056E+12,G06,N,1690563799,073550_E..N
1.69056E+12,G05,N,1690563979,073550_E..N
1.69056E+12,A30,S,1690563439,074110_E..S
1.69056E+12,A31,S,1690563529,074110_E..S
1.69056E+12,A32,S,1690563649,074110_E..S
1.69056E+12,F12,S,1690563913,074778_E..S
1.69056E+12,F12,N,1690563829,075905_E..N
1.69056E+12,A30,N,1690563827,076700_E..N
1.69056E+12,G14,S,1690563739,076250_E..S
1.69056E+12,F06,S,1690563900,077000_E..S
1.69056E+12,H04,N,1690564275,076700_H..N
1.69056E+12,S03,N,1690563960,077100_FS..N
1.69056E+12,A38,N,1690563499,071545_A..N
1.69056E+12,A36,N,1690563619,071545_A..N
1.69056E+12,A34,N,1690563709,071545_A..N
1.69056E+12,A32,N,1690563859,071545_A..N
1.69056E+12,A31,N,1690564009,071545_A..N
1.69056E+12,A32,S,1690563442,074300_A..S
1.69056E+12,A34,S,1690563592,074300_A..S
1.69056E+12,A36,S,1690563712,074300_A..S
1.69056E+12,A38,S,1690563832,074300_A..S
1.69056E+12,A41,S,1690563439,073300_A..S
1.69056E+12,A42,S,1690563529,073300_A..S
1.69056E+12,A46,S,1690563799,073300_A..S
1.69056E+12,A53,S,1690563467,070536_C..S
1.69056E+12,A54,S,1690563557,070536_C..S
1.69056E+12,A55,S,1690563647,070536_C..S
1.69056E+12,A21,N,1690563409,072136_C..N
1.69056E+12,A20,N,1690563499,072136_C..N
1.69056E+12,A19,N,1690563589,072136_C..N
1.69056E+12,A18,N,1690563679,072136_C..N
1.69056E+12,A17,N,1690563739,072136_C..N
1.69056E+12,A16,N,1690563829,072136_C..N
1.69056E+12,A14,N,1690564039,072136_C..N
1.69056E+12,A42,S,1690563409,073100_C..S
1.69056E+12,A43,S,1690563529,073100_C..S
1.69056E+12,A44,S,1690563619,073100_C..S
1.69056E+12,A45,S,1690563709,073100_C..S
1.69056E+12,A46,S,1690563769,073100_C..S
1.69056E+12,A47,S,1690563889,073100_C..S
1.69056E+12,F11,N,1690563409,075905_E..N
1.69056E+12,F09,N,1690563589,075905_E..N
1.69056E+12,G21,N,1690563679,075905_E..N
1.69056E+12,A33,N,1690563467,077428_E..N
1.69056E+12,A32,N,1690563587,077428_E..N
1.69056E+12,A31,N,1690563737,077428_E..N
1.69056E+12,A51,S,1690563564,072300_A..S
1.69056E+12,A24,N,1690563537,072630_A..N
1.69056E+12,A15,N,1690563987,072630_A..N
1.69056E+12,A12,N,1690564197,072630_A..N
1.69056E+12,A48,N,1690563706,073283_A..N
1.69056E+12,A46,N,1690563856,073283_A..N
1.69056E+12,A42,N,1690564156,073283_A..N
1.69056E+12,A52,N,1690563453,077398_C..N
1.69056E+12,A51,N,1690563573,077398_C..N
1.69056E+12,A50,N,1690563633,077398_C..N
1.69056E+12,A49,N,1690563753,077398_C..N
1.69056E+12,A48,N,1690563843,077398_C..N
1.69056E+12,D14,S,1690563447,074778_E..S
1.69056E+12,A25,S,1690563582,074778_E..S
1.69056E+12,A27,S,1690563747,074778_E..S
1.69056E+12,A28,S,1690563807,074778_E..S1690563420372,A06,N,1690563570,067550_A..N
1690563420372,A05,N,1690563690,067550_A..N
1690563420372,A03,N,1690563980,067550_A..N
1690563420372,A02,N,1690564190,067550_A..N
1690563420378,A64,S,1690563857,070531_A..S
1690563420378,A65,S,1690563917,070531_A..S
1690563420405,A12,S,1690563702,076800_A..S
1690563420405,A15,S,1690563972,076800_A..S
1690563420468,A31,S,1690563483,074110_E..S
1690563420468,A32,S,1690563603,074110_E..S
1690563420470,A25,S,1690563578,074778_E..S
1690563420470,A27,S,1690563743,074778_E..S
1690563420470,A28,S,1690563803,074778_E..S
1690563420470,F09,N,1690563572,075905_E..N
1690563420470,G21,N,1690563662,075905_E..N
1690563420495,H19,N,1690563582,076700_H..N
1690563450910,A28,S,1690563512,075583_C..S
1690563450910,A30,S,1690563632,075583_C..S
1690563450917,A51,N,1690563552,077398_C..N
1690563450917,A50,N,1690563612,077398_C..N
1690563450917,A49,N,1690563732,077398_C..N
1690563450917,A48,N,1690563822,077398_C..N
1690563450979,G07,N,1690563555,073550_E..N
1690563450979,G06,N,1690563765,073550_E..N
1690563450979,G05,N,1690563945,073550_E..N
1690563481389,H04,N,1690563829,076841_A..N
1690563481394,A05,S,1690563750,077600_A..S
1690563481394,A06,S,1690563870,077600_A..S
1690563481394,A07,S,1690563930,077600_A..S
1690563481516,A50,S,1690563582,071900_C..S
1690563481516,A51,S,1690563747,071900_C..S
1690563481555,A14,S,1690563660,077550_C..S
1690563481555,A15,S,1690563750,077550_C..S
1690563481555,A16,S,1690563840,077550_C..S
1690563481593,F06,N,1690563676,073900_E..N
1690563481594,A32,S,1690563596,074110_E..S
1690563481607,G07,S,1690563690,077750_E..S
1690563481607,F05,S,1690563780,077750_E..S
1690563511907,A05,N,1690563618,067550_A..N
1690563511907,A03,N,1690563858,067550_A..N
1690563511907,A02,N,1690564068,067550_A..N
1690563511937,A65,S,1690563732,070531_A..S
1690563512028,A14,N,1690564022,070935_C..N
1690563512031,A19,N,1690563572,072136_C..N
1690563512031,A18,N,1690563662,072136_C..N
1690563512031,A17,N,1690563722,072136_C..N
1690563512031,A16,N,1690563812,072136_C..N
1690563512036,A33,S,1690563564,074550_C..S
1690563512036,A34,S,1690563684,074550_C..S
1690563512036,A36,S,1690563834,074550_C..S
1690563512036,A38,S,1690563954,074550_C..S
1690563512036,A40,S,1690564134,074550_C..S
1690563512098,A27,S,1690563702,074778_E..S
1690563512098,A28,S,1690563762,074778_E..S
1690563512100,F09,S,1690563613,075500_E..S
1690563512100,F11,S,1690563823,075500_E..S
1690563542478,A15,N,1690563985,072630_A..N
1690563542478,A12,N,1690564195,072630_A..N
1690563542480,A46,N,1690563752,073283_A..N
1690563542480,A42,N,1690564052,073283_A..N
1690563542595,G06,N,1690563763,073550_E..N
1690563542595,G05,N,1690563943,073550_E..N
1690563572950,A06,S,1690563784,077600_A..S
1690563572950,A07,S,1690563844,077600_A..S
1690563603354,A03,N,1690563854,067550_A..N
1690563603354,A02,N,1690564064,067550_A..N
1690563603584,F05,S,1690563693,077750_E..S
1690563634027,A15,S,1690563950,076800_A..S
1690563634332,A28,S,1690563710,074778_E..S
1690563664844,A11,N,1690563857,070935_C..N
1690563664844,A10,N,1690563947,070935_C..N
1690563664844,A09,N,1690564037,070935_C..N
1690563665054,G05,N,1690563894,073550_E..N
1690563695613,A36,S,1690563832,074550_C..S
1690563695613,A38,S,1690563952,074550_C..S
1690563695613,A40,S,1690564132,074550_C..S
1690563726224,A38,S,1690563812,074300_A..S
1690563756793,A02,N,1690564017,067550_A..N
1690563756928,A10,N,1690563902,070935_C..N
1690563756928,A09,N,1690563992,070935_C..N
1690563756943,A48,N,1690563812,077398_C..N
1690563757120,S04,S,1690563900,078150_FS..S
1690563848683,A09,N,1690563922,070935_C..N
1690563909824,A63,N,1690564020,078426_A..N
1690563940360,A12,N,1690564168,072630_A..N
1690563971087,H09,N,1690564110,078535_A..N
1690563971087,H08,N,1690564200,078535_A..N
1690564032171,H08,N,1690564163,078535_A..N
1690565162574,H08,S,1690565367,071461_A..S
1690565162574,H09,S,1690565427,071461_A..S
1690565223714,H09,S,1690565327,071461_A..S
1690565673353,A09,N,-1,071545_A..N
1690565673353,A07,N,-1,071545_A..N
1690565673353,A06,N,-1,071545_A..N
1690565673353,A05,N,-1,071545_A..N
1690565673353,A03,N,-1,071545_A..N
1690565673353,A02,N,-1,071545_A..N
1690565673355,A24,N,-1,073283_A..N
1690565673355,A15,N,-1,073283_A..N
1690565673355,A12,N,-1,073283_A..N
1690565673356,H06,S,-1,073300_A..S
1690565673356,H07,S,-1,073300_A..S
1690565673356,H08,S,-1,073300_A..S
1690565673356,H09,S,-1,073300_A..S
1690565673356,H10,S,-1,073300_A..S
1690565673356,H11,S,-1,073300_A..S
1690565673356,A61,S,-1,074300_A..S
1690565673356,A63,S,-1,074300_A..S
1690565673356,A64,S,-1,074300_A..S
1690565673356,A65,S,-1,074300_A..S
1690565673357,A12,N,1690566379,074621_A..N
1690565673358,A55,S,-1,074900_A..S
1690565673358,A57,S,-1,074900_A..S
1690565673358,A59,S,-1,074900_A..S
1690565673358,A60,S,-1,074900_A..S
1690565673358,H02,S,-1,074900_A..S
1690565673358,H03,S,-1,074900_A..S
1690565673358,H04,S,-1,074900_A..S
1690565673359,A38,N,-1,075250_A..N
1690565673359,A36,N,-1,075250_A..N
1690565673359,A34,N,-1,075250_A..N
1690565673359,A32,N,-1,075250_A..N
1690565673359,A31,N,-1,075250_A..N
1690565673359,A28,N,-1,075250_A..N
1690565673359,A27,N,-1,075250_A..N
1690565673359,A51,S,-1,075800_A..S
1690565673360,A48,N,-1,076841_A..N
1690565673360,A46,N,-1,076841_A..N
1690565673360,A42,N,-1,076841_A..N
1690565673360,A41,N,-1,076841_A..N
1690565673360,A40,N,-1,076841_A..N
1690565673361,A46,S,-1,076800_A..S
1690565673361,A48,S,-1,076800_A..S
1690565673361,A36,S,-1,077600_A..S
1690565673361,A38,S,-1,077600_A..S
1690565673361,A40,S,-1,077600_A..S
1690565673361,A41,S,-1,077600_A..S
1690565673361,A42,S,-1,077600_A..S
1690565673362,A40,N,1690566379,078426_A..N
1690565673363,A61,N,-1,078535_A..N
1690565673363,A60,N,-1,078535_A..N
1690565673363,A59,N,-1,078535_A..N
1690565673363,A57,N,-1,078535_A..N
1690565673363,A55,N,-1,078535_A..N
1690565673363,A51,N,-1,078535_A..N
1690565673364,A31,S,-1,078600_A..S
1690565673364,A32,S,-1,078600_A..S
1690565673364,A34,S,-1,078600_A..S
1690565673364,A27,N,1690566499,076520_A..N
1690565673365,A24,S,-1,079500_A..S
1690565673365,A27,S,-1,079500_A..S
1690565673365,A28,S,-1,079500_A..S
1690565673366,A42,N,1690566169,079403_A..N
1690565673366,A41,N,1690566259,079403_A..N
1690565673368,H04,N,-1,080050_A..N
1690565673368,H03,N,-1,080050_A..N
1690565673368,H02,N,-1,080050_A..N
1690565673368,H01,N,-1,080050_A..N
1690565673369,A12,S,-1,080300_A..S
1690565673369,A15,S,-1,080300_A..S
1690565673370,A63,N,-1,081400_A..N
1690565673371,A07,S,-1,080800_A..S
1690565673371,A09,S,-1,080800_A..S
1690565673372,H11,N,-1,081500_A..N
1690565673372,H10,N,-1,081500_A..N
1690565673372,H09,N,-1,081500_A..N
1690565673372,H08,N,-1,081500_A..N
1690565673372,H07,N,-1,081500_A..N
1690565673372,H06,N,-1,081500_A..N
1690565673373,A02,S,-1,081800_A..S
1690565673373,A03,S,-1,081800_A..S
1690565673373,A05,S,-1,081800_A..S
1690565673373,A06,S,-1,081800_A..S
1690565673375,A65,N,-1,082500_A..N
1690565673375,A64,N,-1,082500_A..N
1690565673410,A11,N,-1,073396_C..N
1690565673410,A10,N,-1,073396_C..N
1690565673410,A09,N,-1,073396_C..N
1690565673411,A54,S,-1,074550_C..S
1690565673411,A55,S,-1,074550_C..S
1690565673412,A20,N,-1,075330_C..N
1690565673412,A19,N,-1,075330_C..N
1690565673412,A18,N,-1,075330_C..N
1690565673412,A17,N,-1,075330_C..N
1690565673412,A16,N,-1,075330_C..N
1690565673412,A15,N,-1,075330_C..N
1690565673412,A14,N,-1,075330_C..N
1690565673412,A12,N,-1,075330_C..N
1690565673413,A53,S,-1,075583_C..S
1690565673414,A24,N,-1,076350_C..N
1690565673414,A22,N,-1,076350_C..N
1690565673414,A21,N,-1,076350_C..N
1690565673415,A44,S,-1,076600_C..S
1690565673415,A45,S,-1,076600_C..S
1690565673415,A46,S,-1,076600_C..S
1690565673415,A47,S,-1,076600_C..S
1690565673415,A48,S,-1,076600_C..S
1690565673415,A49,S,-1,076600_C..S
1690565673415,A50,S,-1,076600_C..S
1690565673415,A51,S,-1,076600_C..S
1690565673415,A52,S,-1,076600_C..S
1690565673415,A31,N,-1,077398_C..N
1690565673415,A30,N,-1,077398_C..N
1690565673415,A28,N,-1,077398_C..N
1690565673415,A27,N,-1,077398_C..N
1690565673415,A25,N,-1,077398_C..N
1690565673417,A40,S,-1,077550_C..S
1690565673417,A41,S,-1,077550_C..S
1690565673417,A42,S,-1,077550_C..S
1690565673417,A43,S,-1,077550_C..S
1690565673418,A36,N,-1,078355_C..N
1690565673418,A34,N,-1,078355_C..N
1690565673418,A33,N,-1,078355_C..N
1690565673418,A32,N,-1,078355_C..N
1690565673420,A32,S,-1,078600_C..S
1690565673420,A33,S,-1,078600_C..S
1690565673420,A34,S,-1,078600_C..S
1690565673420,A36,S,-1,078600_C..S
1690565673420,A38,S,-1,078600_C..S
1690565673422,A43,N,-1,079650_C..N
1690565673422,A42,N,-1,079650_C..N
1690565673422,A41,N,-1,079650_C..N
1690565673422,A40,N,-1,079650_C..N
1690565673422,A38,N,-1,079650_C..N
1690565673424,A51,N,-1,080750_C..N
1690565673424,A50,N,-1,080750_C..N
1690565673424,A49,N,-1,080750_C..N
1690565673424,A48,N,-1,080750_C..N
1690565673424,A47,N,-1,080750_C..N
1690565673424,A46,N,-1,080750_C..N
1690565673424,A45,N,-1,080750_C..N
1690565673424,A44,N,-1,080750_C..N
1690565673426,A20,S,-1,079900_C..S
1690565673426,A21,S,-1,079900_C..S
1690565673426,A22,S,-1,079900_C..S
1690565673426,A24,S,-1,079900_C..S
1690565673426,A25,S,-1,079900_C..S
1690565673426,A27,S,-1,079900_C..S
1690565673426,A28,S,-1,079900_C..S
1690565673426,A30,S,-1,079900_C..S
1690565673426,A31,S,-1,079900_C..S
1690565673428,A55,N,-1,081950_C..N
1690565673428,A54,N,-1,081950_C..N
1690565673428,A53,N,-1,081950_C..N
1690565673428,A52,N,-1,081950_C..N
1690565673430,A09,S,-1,081600_C..S
1690565673430,A10,S,-1,081600_C..S
1690565673430,A11,S,-1,081600_C..S
1690565673430,A12,S,-1,081600_C..S
1690565673430,A14,S,-1,081600_C..S
1690565673430,A15,S,-1,081600_C..S
1690565673430,A16,S,-1,081600_C..S
1690565673430,A17,S,-1,081600_C..S
1690565673430,A18,S,-1,081600_C..S
1690565673430,A19,S,-1,081600_C..S
1690565673437,A15,S,1690566180,080828_C..S
1690565673437,A16,S,1690566270,080828_C..S
1690565673437,A17,S,1690566360,080828_C..S
1690565673437,A18,S,1690566420,080828_C..S
1690565673437,A19,S,1690566510,080828_C..S
1690565673457,G05,N,-1,076700_E..N
1690565673457,E01,S,-1,077000_E..S
1690565673457,G07,N,-1,077428_E..N
1690565673457,G06,N,-1,077428_E..N
1690565673458,A28,S,-1,077750_E..S
1690565673458,A30,S,-1,077750_E..S
1690565673458,A31,S,-1,077750_E..S
1690565673458,A32,S,-1,077750_E..S
1690565673458,A33,S,-1,077750_E..S
1690565673458,A34,S,-1,077750_E..S
1690565673459,G08,N,-1,078100_E..N
1690565673459,F06,N,-1,078100_E..N
1690565673459,G14,N,-1,078851_E..N
1690565673459,A25,S,-1,078500_E..S
1690565673459,A27,S,-1,078500_E..S
1690565673461,G21,S,-1,079200_E..S
1690565673461,F09,S,-1,079200_E..S
1690565673461,F11,S,-1,079200_E..S
1690565673461,F12,S,-1,079200_E..S
1690565673461,D14,S,-1,079200_E..S
1690565673461,F11,N,-1,079700_E..N
1690565673461,F09,N,-1,079700_E..N
1690565673461,G21,N,-1,079700_E..N
1690565673463,A27,N,-1,080450_E..N
1690565673463,A25,N,-1,080450_E..N
1690565673463,D14,N,-1,080450_E..N
1690565673463,F12,N,-1,080450_E..N
1690565673463,G14,S,-1,080000_E..S
1690565673464,A33,N,-1,081266_E..N
1690565673464,A32,N,-1,081266_E..N
1690565673464,A31,N,-1,081266_E..N
1690565673464,A30,N,-1,081266_E..N
1690565673464,A28,N,-1,081266_E..N
1690565673465,F06,S,-1,080700_E..S
1690565673465,F07,S,-1,080700_E..S
1690565673465,G08,S,-1,080700_E..S
1690565673467,E01,N,-1,081950_E..N
1690565673467,A34,N,-1,081950_E..N
1690565673468,G05,S,-1,081950_E..S
1690565673468,G06,S,-1,081950_E..S
1690565673468,G07,S,-1,081950_E..S
1690565673468,F05,S,-1,081950_E..S
1690565673469,G06,S,1690566060,081350_E..S
1690565673469,G07,S,1690566210,081350_E..S
1690565673469,F05,S,1690566300,081350_E..S
1690565673492,H14,N,-1,081400_H..N
1690565673492,H13,N,-1,081400_H..N
1690565673492,H12,N,-1,081400_H..N
1690565673492,H04,N,-1,081400_H..N
1690565673492,H19,N,-1,081400_H..N
1690565673492,H19,S,-1,081750_H..S
1690565673492,H04,S,-1,081750_H..S
1690565673492,H12,S,-1,081750_H..S
1690565673492,H13,S,-1,081750_H..S
1690565673492,H14,S,-1,081750_H..S
1690565673492,H15,S,-1,081750_H..S
1690565673493,H15,N,-1,082650_H..N
1690565673495,S04,N,-1,081100_FS..N
1690565673495,S03,N,-1,081100_FS..N
1690565673495,S01,N,-1,081100_FS..N
1690565673495,S04,S,-1,081150_FS..S
1690565673495,D26,S,-1,081150_FS..S
1690565673496,D26,N,-1,082100_FS..N
1690565673496,S01,S,-1,082150_FS..S
1690565673496,S03,S,-1,082150_FS..S
1690565703693,A63,S,1690565944,074300_A..S
1690565703693,A64,S,1690566139,074300_A..S
1690565703693,A65,S,1690566199,074300_A..S
1690565703702,A38,S,1690565839,077600_A..S
1690565703702,A40,S,1690566019,077600_A..S
1690565703702,A41,S,1690566139,077600_A..S
1690565703702,A42,S,1690566229,077600_A..S
1690565703771,A10,N,1690565809,073396_C..N
1690565703771,A09,N,1690565899,073396_C..N
1690565703771,A55,S,1690565809,074550_C..S
1690565703776,A22,N,1690565809,076350_C..N
1690565703776,A21,N,1690565899,076350_C..N
1690565703777,A45,S,1690565809,076600_C..S
1690565703777,A46,S,1690565869,076600_C..S
1690565703777,A47,S,1690565989,076600_C..S
1690565703777,A48,S,1690566079,076600_C..S
1690565703777,A49,S,1690566199,076600_C..S
1690565703777,A50,S,1690566289,076600_C..S
1690565703777,A51,S,1690566454,076600_C..S
1690565703777,A52,S,1690566649,076600_C..S
1690565703786,A33,S,1690565809,078600_C..S
1690565703786,A34,S,1690565899,078600_C..S
1690565703786,A36,S,1690566019,078600_C..S
1690565703786,A38,S,1690566139,078600_C..S
1690565703793,A21,S,1690565809,079900_C..S
1690565703793,A22,S,1690565899,079900_C..S
1690565703793,A24,S,1690565989,079900_C..S
1690565703793,A25,S,1690566079,079900_C..S
1690565703793,A27,S,1690566214,079900_C..S
1690565703793,A28,S,1690566289,079900_C..S
1690565703793,A30,S,1690566409,079900_C..S
1690565703793,A31,S,1690566499,079900_C..S
1690565703800,A50,N,1690565779,080750_C..N
1690565703800,A49,N,1690565899,080750_C..N
1690565703800,A48,N,1690565989,080750_C..N
1690565703800,A47,N,1690566079,080750_C..N
1690565703800,A46,N,1690566199,080750_C..N
1690565703800,A45,N,1690566259,080750_C..N
1690565703800,A44,N,1690566349,080750_C..N
1690565703858,A30,S,1690565839,077750_E..S
1690565703858,A31,S,1690565929,077750_E..S
1690565703858,A32,S,1690566049,077750_E..S
1690565703858,A33,S,1690566139,077750_E..S
1690565703858,A34,S,1690566274,077750_E..S
1690565703862,G21,S,1690565839,079200_E..S
1690565703862,F09,S,1690565929,079200_E..S
1690565703862,F11,S,1690566139,079200_E..S
1690565703862,F12,S,1690566229,079200_E..S
1690565703862,D14,S,1690566349,079200_E..S
1690565703870,F07,S,1690565809,080700_E..S
1690565703870,G08,S,1690565929,080700_E..S
1690565703876,G07,S,1690565877,081350_E..S
1690565703876,F05,S,1690565967,081350_E..S
1690565703912,S03,N,1690565917,081100_FS..N
1690565703912,S01,N,1690566037,081100_FS..N
1690565734199,A15,N,1690566169,073283_A..N
1690565734215,A36,N,1690565839,075250_A..N
1690565734215,A34,N,1690565929,075250_A..N
1690565734215,A32,N,1690566079,075250_A..N
1690565734215,A31,N,1690566229,075250_A..N
1690565734215,A28,N,1690566409,075250_A..N
1690565734228,A32,S,1690565852,078600_A..S
1690565734228,A34,S,1690566002,078600_A..S
1690565734236,A51,N,1690566537,081400_A..N
1690565734241,A09,S,1690565839,080800_A..S
1690565734308,A34,N,1690565809,078355_C..N
1690565734308,A33,N,1690565899,078355_C..N
1690565734308,A32,N,1690566019,078355_C..N
1690565734312,A42,N,1690565839,079650_C..N
1690565734312,A41,N,1690565929,079650_C..N
1690565734312,A40,N,1690566049,079650_C..N
1690565734312,A38,N,1690566229,079650_C..N
1690565734352,F09,N,1690565899,079700_E..N
1690565734352,G21,N,1690565989,079700_E..N
1690565734384,H13,N,1690565880,081500_H..N
1690565734384,H12,N,1690565970,081500_H..N
1690565734384,H04,N,1690566255,081500_H..N
1690565734384,H19,N,1690566420,081500_H..N
1690565764682,A30,N,1690565862,077398_C..N
1690565764682,A28,N,1690565982,077398_C..N
1690565764682,A27,N,1690566072,077398_C..N
1690565764682,A25,N,1690566162,077398_C..N
1690565764724,G07,N,1690565857,077428_E..N
1690565764724,G06,N,1690566067,077428_E..N
1690565764727,A27,S,1690565953,078500_E..S
1690565764728,F09,S,1690565872,079200_E..S
1690565764728,F11,S,1690566082,079200_E..S
1690565764728,F12,S,1690566172,079200_E..S
1690565764728,D14,S,1690566292,079200_E..S
1690565795006,A57,S,1690565890,074900_A..S
1690565795006,A59,S,1690565980,074900_A..S
1690565795006,A60,S,1690566100,074900_A..S
1690565795006,H02,S,1690566400,074900_A..S
1690565795006,H03,S,1690566520,074900_A..S
1690565795006,H04,S,1690566940,074900_A..S
1690565795207,A22,S,1690565866,079900_C..S
1690565795207,A24,S,1690565956,079900_C..S
1690565795207,A25,S,1690566046,079900_C..S
1690565795207,A27,S,1690566181,079900_C..S
1690565795207,A28,S,1690566256,079900_C..S
1690565795207,A30,S,1690566376,079900_C..S
1690565795207,A31,S,1690566466,079900_C..S
1690565825668,A07,N,1690565932,071545_A..N
1690565825668,A06,N,1690566022,071545_A..N
1690565825668,A05,N,1690566142,071545_A..N
1690565825668,A03,N,1690566322,071545_A..N
1690565825668,A02,N,1690566472,071545_A..N
1690565825697,A48,S,1690565977,076800_A..S
1690565825716,H09,N,1690565910,081500_A..N
1690565825716,H08,N,1690566000,081500_A..N
1690565825716,H07,N,1690566120,081500_A..N
1690565825716,H06,N,1690566210,081500_A..N
1690565825754,A18,N,1690565899,075330_C..N
1690565825754,A17,N,1690565959,075330_C..N
1690565825754,A16,N,1690566049,075330_C..N
1690565825754,A15,N,1690566139,075330_C..N
1690565825754,A14,N,1690566259,075330_C..N
1690565825754,A12,N,1690566409,075330_C..N
1690565825804,G06,N,1690566060,077428_E..N
1690565825805,A31,S,1690565882,077750_E..S
1690565825805,A32,S,1690566002,077750_E..S
1690565825805,A33,S,1690566092,077750_E..S
1690565825805,A34,S,1690566227,077750_E..S
1690565825817,F05,S,1690565906,081350_E..S
1690565825845,H12,N,1690565916,081500_H..N
1690565825845,H04,N,1690566201,081500_H..N
1690565825845,H19,N,1690566367,081500_H..N
1690565856041,A64,S,1690566106,074300_A..S
1690565856041,A65,S,1690566166,074300_A..S
1690565856054,A34,N,1690565916,075250_A..N
1690565856054,A32,N,1690566066,075250_A..N
1690565856054,A31,N,1690566216,075250_A..N
1690565856054,A28,N,1690566396,075250_A..N
1690565856064,A34,S,1690565976,078600_A..S
1690565856116,A41,S,1690565946,077550_C..S
1690565856116,A42,S,1690566036,077550_C..S
1690565856116,A43,S,1690566156,077550_C..S
1690565856120,A41,N,1690565912,079650_C..N
1690565856120,A40,N,1690566032,079650_C..N
1690565856120,A38,N,1690566212,079650_C..N
1690565856156,D14,N,1690565929,080450_E..N
1690565856156,F12,N,1690565989,080450_E..N
1690565886475,A65,S,1690566067,074300_A..S
1690565886553,A48,N,1690565965,080750_C..N
1690565886553,A47,N,1690566055,080750_C..N
1690565886553,A46,N,1690566175,080750_C..N
1690565886553,A45,N,1690566235,080750_C..N
1690565886553,A44,N,1690566325,080750_C..N
1690565886579,A32,S,1690565995,077750_E..S
1690565886579,A33,S,1690566085,077750_E..S
1690565886579,A34,S,1690566220,077750_E..S
1690565886615,H04,N,1690566177,081500_H..N
1690565886615,H19,N,1690566347,081500_H..N
1690565916998,H08,N,1690565996,081500_A..N
1690565916998,H07,N,1690566116,081500_A..N
1690565916998,H06,N,1690566206,081500_A..N
1690565947536,A27,S,1690566087,079500_A..S
1690565947536,A28,S,1690566147,079500_A..S
1690565947693,A05,S,1690566150,081800_A..S
1690565947693,A06,S,1690566270,081800_A..S
1690565947860,A27,N,1690566042,077398_C..N
1690565947860,A25,N,1690566132,077398_C..N
1690565978910,A41,N,1690566036,079403_A..N
1690565979046,A54,N,1690566060,081921_C..N
1690565979046,A53,N,1690566180,081921_C..N
1690565979046,A52,N,1690566270,081921_C..N
1690566009722,H07,N,1690566087,081500_A..N
1690566009722,H06,N,1690566177,081500_A..N
1690566009735,A06,S,1690566176,081800_A..S
1690566010180,A33,S,1690566080,077750_E..S
1690566010180,A34,S,1690566215,077750_E..S
1690566010217,A30,N,1690566082,081266_E..N
1690566010217,A28,N,1690566202,081266_E..N
1690566041015,A53,N,1690566162,081921_C..N
1690566041015,A52,N,1690566252,081921_C..N
1690566102243,H02,S,1690566392,074900_A..S
1690566102243,H03,S,1690566512,074900_A..S
1690566102243,H04,S,1690566932,074900_A..S
1690566102275,H06,N,1690566167,081500_A..N
1690566132752,A03,N,1690566302,071545_A..N
1690566132752,A02,N,1690566452,071545_A..N
1690566132851,A52,N,1690566202,081921_C..N
1690566193743,H02,S,1690566386,074900_A..S
1690566193743,H03,S,1690566506,074900_A..S
1690566193743,H04,S,1690566926,074900_A..S
1690566193869,A28,S,1690566253,079900_C..S
1690566193869,A30,S,1690566373,079900_C..S
1690566193869,A31,S,1690566463,079900_C..S
1690566254761,A02,N,1690566424,071545_A..N
1690566376724,A52,S,1690566597,076600_C..S
1690566498698,H04,S,1690566922,074900_A..S
1690570681264,F01,S,-1,095750_E..S
1690570681264,F03,S,-1,095750_E..S
1690571048293,H12,S,-1,096350_A..S
1690571048293,H13,S,-1,096350_A..S
1690571048293,H14,S,-1,096350_A..S
1690571048293,H15,S,-1,096350_A..S
1690573708000,A62,S,-1,096300_A..S
1690573830414,H17,S,-1,097100_A..S
1690573830414,H18,S,-1,097100_A..S
1690573830414,H05,S,-1,097100_A..S
1690574077916,A39,S,-1,097450_A..S
1690574077916,A43,S,-1,097450_A..S
1690574077916,A58,S,-1,097450_A..S
1690574232247,F03,S,1690574400,095653_E..S
1690574446220,H12,S,1690579440,096025_A..S
1690574446220,H13,S,1690579590,096025_A..S
1690574446220,H14,S,1690579650,096025_A..S
1690574446220,H15,S,1690579740,096025_A..S
1690574630538,H12,S,1690579248,096025_A..S
1690574630538,H13,S,1690579398,096025_A..S
1690574630538,H14,S,1690579458,096025_A..S
1690574630538,H15,S,1690579548,096025_A..S
1690574691709,A62,S,1690579125,096300_A..S
1690574783816,A62,S,1690579088,096300_A..S
1690574814668,H12,S,1690579204,096025_A..S
1690574814668,H13,S,1690579354,096025_A..S
1690574814668,H14,S,1690579414,096025_A..S
1690574814668,H15,S,1690579504,096025_A..S
1690574967342,F03,N,-1,102900_E..N
1690574967342,F01,N,-1,102900_E..N
1690575302662,H12,S,1690579200,096025_A..S
1690575302662,H13,S,1690579350,096025_A..S
1690575302662,H14,S,1690579410,096025_A..S
1690575302662,H15,S,1690579500,096025_A..S
1690575607949,F05,N,-1,093050_E..N
1690576005932,A62,S,1690579048,096300_A..S
1690576005935,H12,S,1690579162,096025_A..S
1690576005935,H13,S,1690579312,096025_A..S
1690576005935,H14,S,1690579372,096025_A..S
1690576005935,H15,S,1690579462,096025_A..S
1690576128606,H12,S,1690579128,096025_A..S
1690576128606,H13,S,1690579278,096025_A..S
1690576128606,H14,S,1690579338,096025_A..S
1690576128606,H15,S,1690579428,096025_A..S
1690576159189,A62,S,1690579043,096300_A..S
1690576250949,A62,S,1690578977,096300_A..S
1690576250962,H12,S,1690579108,096025_A..S
1690576250962,H13,S,1690579258,096025_A..S
1690576250962,H14,S,1690579318,096025_A..S
1690576250962,H15,S,1690579408,096025_A..S
1690576465238,H12,S,1690579094,096025_A..S
1690576465238,H13,S,1690579244,096025_A..S
1690576465238,H14,S,1690579304,096025_A..S
1690576465238,H15,S,1690579394,096025_A..S
1690576526441,A62,S,1690578953,096300_A..S
1690576679708,A62,S,1690578928,096300_A..S
1690576802251,A62,S,1690578873,096300_A..S
1690576893957,A62,S,1690578813,096300_A..S
1690576955184,H12,S,1690579092,096025_A..S
1690576955184,H13,S,1690579242,096025_A..S
1690576955184,H14,S,1690579302,096025_A..S
1690576955184,H15,S,1690579392,096025_A..S
1690577077570,A62,S,1690578788,096300_A..S
1690577108130,H12,S,1690579052,096025_A..S
1690577108130,H13,S,1690579202,096025_A..S
1690577108130,H14,S,1690579262,096025_A..S
1690577108130,H15,S,1690579352,096025_A..S
1690577751852,A62,S,1690578758,096300_A..S
1690583109981,A33,N,-1,108261_A..N
1690583109984,A39,N,-1,108850_A..N
1690583110070,G19,N,-1,107400_E..N
1690583110070,G18,N,-1,107400_E..N
1690583110070,G16,N,-1,107400_E..N
1690583110070,G15,N,-1,107400_E..N
1690583110070,G13,N,-1,107400_E..N
1690583110070,G12,N,-1,107400_E..N
1690583110070,G11,N,-1,107400_E..N
1690583110070,G10,N,-1,107400_E..N
1690583110070,G09,N,-1,107400_E..N
1690583110085,F07,N,-1,112225_E..N
1690583110085,F04,N,-1,112225_E..N
1690583110085,F02,N,-1,112225_E..N
1690586811244,A43,N,-1,112000_A..N
1690586811321,A39,S,-1,117050_C..S
1690591990607,G20,N,-1,129600_E..N
1690595663827,A10,S,-1,132300_A..S
1690595663827,A11,S,-1,132300_A..S
1690595663827,A14,S,-1,132300_A..S
1690595663827,A16,S,-1,132300_A..S
1690595663827,A17,S,-1,132300_A..S
1690595663827,A18,S,-1,132300_A..S
1690595663827,A19,S,-1,132300_A..S
1690595663827,A20,S,-1,132300_A..S
1690595663827,A21,S,-1,132300_A..S
1690595663827,A22,S,-1,132300_A..S
1690595663827,A49,S,-1,132300_A..S
1690595663827,A50,S,-1,132300_A..S
1690595663837,A54,N,-1,135616_A..N
1690595663837,A53,N,-1,135616_A..N
1690595663837,A52,N,-1,135616_A..N
1690595663837,A50,N,-1,135616_A..N
1690595663837,A49,N,-1,135616_A..N
1690595663837,A47,N,-1,135616_A..N
1690595663837,A45,N,-1,135616_A..N
1690595663837,A44,N,-1,135616_A..N
1690595663837,A30,N,-1,135616_A..N
1690595663837,A25,N,-1,135616_A..N
1690595663837,A22,N,-1,135616_A..N
1690595663837,A21,N,-1,135616_A..N
1690595663837,A20,N,-1,135616_A..N
1690595663837,A19,N,-1,135616_A..N
1690595663837,A18,N,-1,135616_A..N
1690595663837,A17,N,-1,135616_A..N
1690595663837,A16,N,-1,135616_A..N
1690595663837,A14,N,-1,135616_A..N
1690595663837,A11,N,-1,135616_A..N
1690595663837,A10,N,-1,135616_A..N
1690595663843,A54,N,1690600150,136400_A..N
1690595663843,A53,N,1690600240,136400_A..N
1690595663843,A52,N,1690600330,136400_A..N
1690595663843,A50,N,1690600510,136400_A..N
1690595663843,A49,N,1690600630,136400_A..N
1690595663843,A47,N,1690600810,136400_A..N
1690595663843,A45,N,1690600960,136400_A..N
1690595663843,A44,N,1690601050,136400_A..N
1690595663843,A30,N,1690602250,136400_A..N
1690595663843,A25,N,1690602520,136400_A..N
1690595663843,A22,N,1690602730,136400_A..N
1690595663843,A21,N,1690602820,136400_A..N
1690595663843,A20,N,1690602910,136400_A..N
1690595663843,A19,N,1690603000,136400_A..N
1690595663843,A18,N,1690603090,136400_A..N
1690595663843,A17,N,1690603150,136400_A..N
1690595663843,A16,N,1690603240,136400_A..N
1690595663843,A14,N,1690603420,136400_A..N
1690595663843,A11,N,1690603600,136400_A..N
1690595663843,A10,N,1690603690,136400_A..N
1690595663880,G20,N,1690596030,129600_E..N
1690595663902,G09,S,-1,135600_E..S
1690595663902,G10,S,-1,135600_E..S
1690595663902,G11,S,-1,135600_E..S
1690595663902,G12,S,-1,135600_E..S
1690595663902,G13,S,-1,135600_E..S
1690595663902,G15,S,-1,135600_E..S
1690595663902,G16,S,-1,135600_E..S
1690595663902,G18,S,-1,135600_E..S
1690595663902,G19,S,-1,135600_E..S
1690595663902,G20,S,-1,135600_E..S
1690600820528,F02,S,-1,143700_E..S
1690600820528,F04,S,-1,143700_E..S
1690604617307,A58,N,-1,004000_A..N
1690619868876,A44,S,-1,027478_A..S
1690619868876,A45,S,-1,027478_A..S
1690619868876,A47,S,-1,027478_A..S
1690631858311,H03,N,-1,052800_H..N
1690631858311,H02,N,-1,052800_H..N
1690631858311,H01,N,-1,052800_H..N
1690631858311,A61,N,-1,052800_H..N
1690637534419,A61,S,-1,058000_H..S
1690637534419,H02,S,-1,058000_H..S
1690637534419,H03,S,-1,058000_H..S
